<?xml version="1.0" encoding="UTF-8" standalone="yes"?>
  <addon 
  id="repository.classea" 
  name="[COLOR blue]Classe A[/COLOR] [COLORcyan]Repository[/COLOR]" 
  version="1.01" 
  provider-name="Team Magusplay">
  <requires>
    <import addon="xbmc.addon" version="12.0.0"/>  
  </requires>
  <extension point="xbmc.addon.repository" name="[COLOR aquamarine]Classe A [COLOR red]Repositorio[/COLOR]">
      <dir>
      <info compressed="true">https://raw.github.com/Equilibriumtv/classeA/master/addons.xml</info>
      <checksum>https://raw.github.com/Equilibriumtv/classeA/master/addons.xml.md5</checksum>
      <datadir zip="true">https://raw.github.com/Equilibriumtv/classeA/master</datadir>
      <hashes>false</hashes>
  </dir>
  <dir minversion="19.9.9">
      <info compressed="true">https://raw.github.com/Equilibriumtv/classeA/master/nexus/addons.xml</info>
      <checksum>https://raw.github.com/Equilibriumtv/classeA/master/nexus/addons.xml.md5</checksum>
      <datadir zip="true">https://raw.github.com/Equilibriumtv/classeA/master/nexus</datadir>
      <hashes>false</hashes>
  </dir>   
  <dir minversion="19.0.0">
      <info compressed="true">https://raw.github.com/Equilibriumtv/classeA/master/matrix/addons.xml</info>
      <checksum>https://raw.github.com/Equilibriumtv/classeA/master/matrix/addons.xml.md5</checksum>
      <datadir zip="true">https://raw.github.com/Equilibriumtv/classeA/master/matrix</datadir>
      <hashes>false</hashes>
  </dir>    
  <dir minversion="17.0.0" maxversion="18.9.0">
      <info compressed="true">https://raw.github.com/Equilibriumtv/classeA/master/leia/addons.xml</info>
      <checksum>https://raw.github.com/Equilibriumtv/classeA/master/leia/addons.xml.md5</checksum>
      <datadir zip="true">https://raw.github.com/Equilibriumtv/classeA/master/leia</datadir>
      <hashes>false</hashes>
  </dir>
  </extension>
  <extension point="xbmc.addon.metadata">
    <summary>repositorio Classe A</summary>
    <description>repositorio oficial Classe A - Proibido reproducao sem autorização prévia</description>
    <disclaimer></disclaimer>
    <platform>all</platform>
    <assets>
      <icon>icon.png</icon>
      <fanart>fanart.jpg</fanart>
    </assets>
  </extension>
</addon>
